,Depth,Forest,Lasso,SGDRegressor,XGB,Original,Ols,Ridge
3129,7093.5,100.0066781685414,67.74755707014982,60.089645826466956,95.10507,55.06250000000002,59.249781912255095,59.074473450332874
3130,7094.0,98.72639222092171,67.89151104901333,62.71520195168602,94.164536,55.06250000000002,59.637873014463864,61.08526275908204
3131,7094.5,98.35255939742385,67.92432640291052,63.40514587533521,96.04208,55.06250000000002,59.78581670442045,61.620310752673404
3132,7095.0,98.50915004196605,67.9325232613628,63.65481410873508,97.03385,55.06250000000002,59.881609785478915,61.822188010582366
3133,7095.5,98.48060922910368,67.93221763780542,63.74873824623177,96.85278,55.06250000000002,59.957692644817314,61.90615485077516
3134,7096.0,98.33529032196665,67.93221406835644,63.844907267314326,96.65678,55.06250000000002,60.03194702214807,61.99138906189122
3135,7096.5,97.81931100976954,67.92431721341627,63.77344632016725,96.395935,55.06250000000002,60.07091605675156,61.946947460289806
3136,7097.0,97.14385336217589,67.9182538279175,63.74410921900038,96.14871,55.06250000000002,60.12054359290549,61.93543323076029
3137,7097.5,96.38880509078948,67.91156428988728,63.68979948532315,95.23613,55.06250000000002,60.15847156285974,61.90328346055421
3138,7098.0,96.50664131476059,67.9041640612263,63.560008393242654,95.41173,55.06250000000002,60.146994248078265,61.80596478809585
3139,7098.5,98.42441047528273,67.89652370462962,63.34146024786885,94.95323,55.06250000000002,60.07011816323178,61.63052124770079
3140,7099.0,98.69917112514499,67.89725642197769,63.24923887875124,95.34063,55.06250000000002,59.9919821109707,61.547343437263095
3141,7099.5,98.55500244816122,67.89795127023868,63.29864521777253,95.48324,55.06250000000002,60.0228497531802,61.58970163807965
3142,7100.0,98.04949835023645,67.89864137724975,63.41692109532646,95.35014,55.06250000000002,60.10652027822501,61.69305633831353
8655,9856.5,101.36264292591147,102.84828466032471,100.4995276532874,106.54993,121.91799999999995,113.36714317002597,106.20950888830146
8656,9857.0,101.36264292591147,102.84819352186668,100.51043576145679,106.54993,121.91799999999995,113.37989155530252,106.22050046519247
8657,9857.5,101.19334026320404,102.8414670222821,100.34383581970341,106.43967,121.91799999999995,113.32737189509153,106.07844004655686
8658,9858.0,101.19334026320404,102.84204089445848,100.20029518190431,106.43629,121.91799999999995,113.18976905899908,105.93918177878008
8659,9858.5,101.15997060993264,102.83878424920943,100.27145333505165,106.373245,121.91799999999995,113.30335314816827,106.01647852351691
8660,9859.0,101.12710044806322,103.37504091183882,100.69465845675607,105.238556,121.78829999999998,113.96724217999687,106.50383200344054
8661,9859.5,101.12710044806322,104.13908075548866,101.31819003257681,105.33333,121.50020000000005,114.78116331020078,107.18252831202837
8662,9860.0,101.12710044806322,104.00670947314269,101.0964382452157,105.16001,121.37799999999996,114.51217857723576,106.93977257447955
8663,9860.5,101.12710044806322,102.73145987588782,100.41546255144185,105.38739,121.44120000000002,113.28124133706424,106.0879208185466
8664,9861.0,101.14533868412218,100.82095794865067,99.14250631184855,106.30819,121.33170000000001,111.135207475506,104.54094794669194
8665,9861.5,101.35278369400784,99.9064616096796,98.57128593726065,106.330605,120.92529999999998,109.93197978225217,103.77471107963305
8666,9862.0,101.44445077397671,100.29789267155992,98.91404362100046,106.17753,120.64539999999997,110.12688747120004,104.09082859810398
8667,9862.5,101.3936772006315,100.75921739339954,98.99022760524382,106.13466,120.83540000000006,110.58014011055693,104.28045099928543
8668,9863.0,101.4065149101886,100.38206376556734,98.7471078351042,105.93097,121.29970000000002,110.3172254020421,104.0425203923944
8669,9863.5,101.39036952454326,99.68325094170169,98.07125857714793,105.23825,121.62270000000001,109.58731846814524,103.3446631022324
8670,9864.0,101.35278369400784,99.84398104617625,98.34775064108631,106.35855,121.46790000000003,109.89850498698245,103.6225349238764
8671,9864.5,101.15018755525432,100.55773842988756,98.9002697924652,106.15852,120.83579999999999,110.58400149150077,104.19629646206857
8672,9865.0,101.13195363872957,100.87128634205004,98.94501652419046,105.34109,120.49519999999997,110.87947386359271,104.28667202155805
8673,9865.5,101.13715403714106,100.70096894310595,98.7187374994429,105.30387,120.87369999999999,110.64067879690259,104.07535799058094
8674,9866.0,101.13195363872957,100.76633215919568,98.50731269142148,105.34722,121.42319999999997,110.77963675716589,103.97804358052419
8675,9866.5,101.39036952454326,100.91292056709584,98.81313883420724,106.46144,121.7471,111.01768009943777,104.30167480376643
8676,9867.0,101.34658745182253,100.64826388981791,98.78241434478487,106.459496,122.13670000000005,110.91590724948742,104.25784722949939
8677,9867.5,101.39261334676415,100.2925935015872,98.64703334748484,106.46144,122.52789999999996,110.66609366823076,104.10045318168606
8678,9868.0,101.39036952454326,100.28953999129287,98.50686911868256,106.39685,122.4561,110.55115815951855,103.96409887422787
8679,9868.5,101.39036952454326,100.42842278106986,98.56394993198272,106.38092,122.37130000000003,110.63917255922132,104.02982670379512
8680,9869.0,101.4133217782794,100.7506629091678,98.64648366007334,106.04203,122.56900000000003,110.84922586061252,104.16930844075046
8681,9869.5,101.3936772006315,100.93898227494499,98.85063732869048,106.12863,122.76519999999994,111.22309086721329,104.42640708670712
8682,9870.0,101.37989552405527,101.17928226461073,98.79220981778445,106.510445,122.35940000000002,111.15094195117068,104.35743581151381
8683,9870.5,101.37543304822584,102.12375669749403,99.93316713364247,106.37852,121.88800000000003,112.44253723400065,105.53598989399288
8684,9871.0,101.36264292591147,103.34415220929789,100.81421204658224,106.45391,121.40900000000005,113.64556627618256,106.51094858213618
8685,9871.5,101.37874532760604,103.24402785024748,101.03626564662748,106.03233,120.71830000000004,113.49752106911308,106.6064076637209
8686,9872.0,101.36488614052095,102.62331825861989,100.4282857147115,106.48384,120.4127,112.59077790757509,105.89367869615491
8687,9872.5,101.36594970630408,102.6770643214989,100.59131498311075,106.1829,120.52470000000005,112.7711303063306,106.06723995603811
8688,9873.0,101.35015168382913,103.29143047659647,101.12771805086466,106.42589,120.36869999999996,113.54029794023928,106.66709971872534
8689,9873.5,101.36488614052095,104.5130638156918,102.21293132002397,106.48081,119.76599999999996,114.81338941702987,107.80642936816157
8690,9874.0,101.31887270907106,105.87071069314909,103.15579649320648,106.39034,119.27449999999999,116.15208005523067,108.8623748478458
8691,9874.5,101.34582700740351,106.77100405190839,103.67504573354972,106.055664,119.33859999999999,117.007815336039,109.49848695848412
8692,9875.0,101.30447191924169,106.6613951865238,103.49789255180417,106.20299,119.6174,116.96233441498501,109.36125926793056
8693,9875.5,101.36264292591147,106.10988000488634,103.20719202146047,106.38645,119.75429999999999,116.46160882037877,109.00945341423805
8694,9876.0,101.32511611961361,105.3454983481676,102.80257125627615,106.54782,119.68299999999998,115.75835720047766,108.50102726248822
8695,9876.5,101.36488614052095,104.86574861793115,102.3407486085167,106.59419,119.80419999999998,115.10655407097408,107.98936491575289
8696,9877.0,101.36488614052095,104.46140036497306,101.97378918163452,106.48081,120.18640000000005,114.73824554259751,107.62815257829384
8697,9877.5,101.38539821708478,103.3633066903173,101.01393794590248,106.023506,120.56579999999997,113.44896665433976,106.57804524607047
8698,9878.0,101.4275520024079,102.02815369085599,100.04633800605298,105.95984,120.81889999999999,112.03077593505114,105.47236093764575
8699,9878.5,101.41992386468146,101.54343788916282,99.65351224038349,106.331116,121.06100000000004,111.53572831181499,105.05156923313534
8700,9879.0,101.37784271335262,101.98460594395482,99.97402454148387,106.47502,121.01059999999994,112.09576490201549,105.43684095845093
8701,9879.5,101.35015168382913,102.67516720780311,100.43473043891332,106.51588,121.01790000000003,112.86070459805315,105.99232334356223
8702,9880.0,101.32759848950002,102.95535417302447,100.43166036694514,106.47754,121.28979999999996,113.12997265598864,106.07711345932303
8703,9880.5,101.33406599709042,102.02146642763776,99.60582184560498,106.41042,121.71880000000003,112.06658912020531,105.18890440908308
8704,9881.0,101.35278369400784,100.07624210587834,98.03280253832048,106.35313,121.88080000000004,109.83504169371871,103.40347180318957
8705,9881.5,101.30819069157613,98.4701242944285,96.86184126309554,106.05929,121.75889999999998,108.0213287338518,102.01976549345058
8706,9882.0,101.35278369400784,97.66445886542056,96.21878573912595,106.95115,121.58839999999996,106.98889872090419,101.2522292391003
8707,9882.5,101.35302324007685,97.40550291330307,96.20228643049704,107.068054,121.46879999999996,106.80066414503062,101.17817758646208
8708,9883.0,101.51210785235753,97.87428414278982,96.7956112554001,106.169304,121.3836,107.36095389565783,101.77824050625503
8709,9883.5,101.54665903938015,98.68225354302655,97.79375642581822,108.946106,121.2487,108.40586103638995,102.80884701047556
8710,9884.0,101.63740341844978,99.15837148077678,98.45695914037321,111.72081,120.91650000000003,108.9007514666003,103.43648322575145
8711,9884.5,101.63740341844978,99.60180819841227,98.76214382500314,110.43015,120.62229999999998,109.2090675816499,103.74695628997205
8712,9885.0,101.96191897573414,100.26304601696675,99.2348675889099,113.11823,120.79369999999997,109.9079433227264,104.30822946337915
8713,9885.5,101.95178420319422,101.01068187858662,99.67237365996601,112.9682,121.24400000000003,110.80105280029122,104.90246074692834
8714,9886.0,101.62465519123582,101.6280582871948,100.09087764762032,111.66396,121.49240000000003,111.64734041476983,105.45103479741505
8715,9886.5,101.5339220832031,102.05911939638015,100.2429933299881,109.83685,121.57150000000003,112.25325898467081,105.72004401911212
8716,9887.0,101.5339220832031,102.0437999725841,100.13066586007614,108.86382,121.75209999999997,112.25057952861212,105.64155498554776
8717,9887.5,101.5339220832031,101.9807485072736,100.0469493505293,109.17965,122.08780000000004,112.25633909267239,105.59324083301132
8718,9888.0,101.51869912304038,102.69623976832987,100.44798733477819,109.022514,122.44700000000006,113.10880104628603,106.14373663458093
8719,9888.5,101.51869912304038,103.79088204375418,101.55160530050392,108.88672,122.41880000000003,114.44519505091215,107.32961558256422
8720,9889.0,101.51869912304038,104.38501802939068,102.38274577022383,109.83801,122.1789,115.01861923032698,108.09779946340183
8721,9889.5,101.60941876015087,105.2398199389884,103.17504807204554,112.015205,121.97139999999999,115.94388086018677,108.9435618878497
8722,9890.0,101.60941876015087,104.9613585534766,102.72779392884401,110.01981,122.36260000000003,115.61716799296079,108.53524087885263
8723,9890.5,101.60941876015087,103.59283500133247,101.67163128369843,109.902885,123.06619999999998,114.21726329030544,107.38482227844658
8724,9891.0,101.63740341844978,99.31044235559935,97.94605462143294,108.98994,122.58690000000004,109.34407016572527,103.24189407024666
8725,9891.5,101.63740341844978,98.1183456065353,103.9247252479419,110.20159,120.74179999999997,105.54248444417321,106.41863649431923
8726,9892.0,101.43156727050462,104.75066574230735,123.96181844623472,114.457756,120.87740000000004,109.06565740096192,121.59881767601038
8727,9892.5,101.41707031697324,112.19088213589225,135.27895654760488,112.47712,122.55740000000004,116.49950657894864,131.9121854166773
8728,9893.0,101.35719184365297,116.4918279943701,142.28523267108582,112.46289,123.58369999999998,120.72918861730868,138.1668113340596
8729,9893.5,101.37072248023634,119.52961646668655,151.76554217988442,111.48381,124.29509999999999,122.85640795795047,145.3381012208735
8730,9894.0,101.32258556715394,121.52921478404363,154.85959416384046,111.226974,125.89049999999999,125.09576178361621,148.2771674473576
8731,9894.5,101.34667393365952,122.88036392109072,156.12321593551292,111.39256,125.36139999999997,126.35740441521142,149.5510692762452
8732,9895.0,101.32258556715394,123.55586093750644,156.9070005979636,111.02124,123.55409999999999,126.49800657836656,150.04462812521473
8733,9895.5,101.28700243264146,123.29349782440009,156.58419536451103,111.35896,122.21960000000003,125.71092260078062,149.4886979318484
8734,9896.0,101.31392315370827,123.76749986382276,157.4705669294266,111.26974,121.41700000000002,125.97521555227118,150.13608316599644
8735,9896.5,101.37984184473811,125.89849918702078,160.61996812774237,111.87383,120.6405,127.81449938607773,152.8593707616159
8736,9897.0,101.36670434072744,126.87537471539326,163.6829029485002,111.43115,119.72260000000004,128.254695666063,155.00976991317458
8737,9897.5,101.35310336971287,122.80900905238919,156.99959951060848,110.94872,118.99879999999996,124.3403738291262,149.12572976287342
8738,9898.0,101.3708308901837,112.22686544704177,130.61241145533543,112.43681,119.47299999999996,116.88358817432653,128.7060514331588
8739,9898.5,101.36372320441563,103.82998795610486,112.96204134469322,108.190674,120.90329999999994,110.6132573304437,114.41143932156972
8740,9899.0,101.44039295062576,102.4352698228631,112.65891947124683,109.99785,121.56990000000002,108.9164193882664,113.69338075663444
8741,9899.5,101.40659936871712,103.83814961911042,113.8007601232011,109.13537,121.75079999999996,110.6578125880757,115.04571362594896
8742,9900.0,101.41353272406893,104.6076830877466,114.72089812500411,109.565636,122.44320000000005,111.845710286498,116.0915350686239
8743,9900.5,101.40373727626408,105.68865937916186,115.57777674457624,108.99141,123.08979999999998,113.32279720105356,117.17699662741497
8744,9901.0,101.35284214677961,108.14046308428013,116.4147670922519,108.24437,123.44270000000003,116.33063649378542,118.71170925030569
8745,9901.5,101.39885907767894,110.16720245526001,116.35481798603303,105.98616,124.06400000000001,119.13708107435701,119.54143491600175
8746,9902.0,101.35947192052969,110.8902332352134,116.29598529244322,106.43019,124.4103,120.18386014694164,119.82943690354256
8747,9902.5,101.3222638620239,111.75206123254937,116.93801777139933,106.08522,123.72240000000001,121.06923643636046,120.52470054420431
8748,9903.0,101.23924004438969,114.41586294744295,119.59722875173543,106.24921,122.63309999999998,123.67753760268799,123.17473172627477
8749,9903.5,101.20815358343619,117.60282388164323,122.96969664942085,106.127716,121.67560000000003,126.70685887296403,126.47128344103199
8750,9904.0,101.28477169697301,118.00727352942346,123.35479472094795,105.722786,120.86419999999997,126.9928073416799,126.80498884536308
8751,9904.5,101.2930554808172,117.96816077638589,121.26565458305072,105.52572,120.13530000000002,127.64209964968575,125.45304495880563
8752,9905.0,101.24946973631792,119.4630283260419,123.16309033137733,106.845055,119.50089999999997,128.97778996911833,127.18917361495613
8753,9905.5,101.23516528758293,122.22991933153179,129.87979397092892,107.599976,118.91959999999995,130.6057111895847,132.48083867382974
8754,9906.0,101.2536200757477,125.45103276389884,131.52173693568906,107.0795,118.2995,133.9991468483261,134.66373534753853
8755,9906.5,101.39495739883392,127.87239130441128,132.6651120724685,106.90246,117.79069999999997,136.89885356027025,136.33676557930613
8756,9907.0,101.29113700984206,129.91874747722468,134.4915868233785,105.41677,117.5091,139.33761069139072,138.35338003413466
8757,9907.5,101.23040929469889,129.36123711405588,132.2651859868402,104.10518,117.10350000000001,139.0125587497977,136.6278362355154
8758,9908.0,101.1921462827774,128.32063322453405,131.54846879907504,104.56064,116.297,137.63807423831963,135.6599933246455
8759,9908.5,101.28305739754273,126.37643947601204,130.010438176895,103.32485,115.47239999999998,134.9450232817099,133.72424007847854
8760,9909.0,101.32999494680575,123.63684746590438,129.20081165738767,106.49737,115.12430000000002,131.3005657095165,132.0454393017542
8761,9909.5,101.09939152737344,121.26907243452976,128.83737219933448,110.85572,114.99000000000002,128.04578983376726,130.7929399357049
8762,9910.0,101.06851694573577,120.28572746708029,129.6141735123221,110.646034,114.66999999999999,126.32085633409234,130.7958362215258
8763,9910.5,101.03957097827347,120.3542547684414,132.88098920888496,111.77065,114.67860000000002,125.72237446917123,132.89783303821292
8764,9911.0,101.03957097827347,119.99050407463324,134.58241884395233,111.87017,114.77050000000004,124.55918454723404,133.7276233068501
8765,9911.5,101.03957097827347,119.05308060182,133.01586172041115,111.42853,114.94689999999996,123.87454963697773,132.42573889923204
8766,9912.0,101.03957097827347,118.055635989415,127.43338390046071,108.84811,115.14220000000005,124.05899488930184,128.56510661731033
8767,9912.5,101.0328482281142,118.28919036019872,127.853201160483,108.95135,115.1373,124.38854322257855,128.95686540382414
8768,9913.0,101.0328482281142,118.58951735219374,129.26692205136803,109.73558,115.2527,124.51625164861376,129.99687881869167
8769,9913.5,101.03957097827347,118.2044102668156,127.79260356519515,108.952866,115.50799999999995,124.27703133259968,128.91023658363224
8770,9914.0,100.99868865971253,118.87561048492171,130.39417291143582,111.98099,115.63030000000005,124.49593951042341,130.82428259476606
8771,9914.5,101.08086486395926,119.83030528419721,133.03698251789095,110.72373,115.54720000000005,124.95940457370784,132.82129664076191
8772,9915.0,100.99868865971253,119.1771226644397,133.74714342299788,110.42314,115.63030000000005,123.80065163336877,132.9560446926602
8773,9915.5,101.13748694526102,115.47590255657626,127.51364097662645,113.12542,115.8801,120.63345676522866,127.60620375420925
8774,9916.0,101.30216945403843,111.02094711256686,121.35704034709033,110.39828,115.6387,116.1162283057835,121.86112746782256
8775,9916.5,101.28022524827088,108.65336192384645,120.6753810244491,111.809265,114.92600000000002,113.39118228274907,120.48116155495578
8776,9917.0,101.22787371590611,108.2082091268338,120.19293778294299,111.80394,114.48569999999995,112.90233318758513,119.96115078146671
8777,9917.5,101.1773304471514,108.48965883242442,120.40044769616394,111.86323,114.78030000000004,113.3124333143474,120.2466855031227
8778,9918.0,101.20040096435127,108.41165220415839,120.0796303298282,110.91515,115.56490000000001,113.29909741683912,120.05801571651736
8779,9918.5,101.28404481348275,108.13756087956082,119.92206872188127,110.61639,116.26500000000004,113.22018045809077,119.95630649098807
8780,9919.0,101.28404481348275,108.36915302241123,120.09724760372094,110.82697,116.72640000000001,113.7033944343582,120.24680719287925
8781,9919.5,101.31061278587596,109.84922628494822,122.21073721985238,111.27873,116.82420000000005,115.22187617364223,122.21242831451511
8782,9920.0,101.3182505462857,112.35272679742019,127.43473323421443,112.72728,116.76829999999997,117.48419009141905,126.57208502301461
8783,9920.5,101.30906129296667,114.18327025471845,129.11019262294568,112.72863,116.8881,119.62825285269838,128.42897143268237
8784,9921.0,101.30040002445743,114.74540993004331,128.30397954365006,112.42151,117.19459999999997,120.61327238842337,128.19438369828518
8785,9921.5,101.27257250529487,113.91606275144629,124.46428006804481,110.52541,117.14210000000003,120.14841868169665,125.35749438809871
8786,9922.0,101.26285622974669,113.1203420664126,122.64189251765714,110.002556,116.65679999999999,119.24185307734568,123.77328437876139
8787,9922.5,101.18415121859016,111.87124649186676,123.110890210864,110.82015,115.84319999999994,117.12489913927877,123.40667212531709
8788,9923.0,101.19721121975192,112.19013795618586,122.9037810319887,111.23869,115.12600000000003,117.28238670035692,123.2832922564184
8789,9923.5,101.2315272667895,114.13702609753125,123.74171345983132,110.502174,115.14289999999997,119.76660734998013,124.65147744047775
8790,9924.0,101.26455552649442,116.25737616484787,126.80452785810641,110.39504,115.33049999999999,121.94306036597439,127.49510347219305
8791,9924.5,101.21413972134053,118.49267912238453,130.3886684170327,112.45472,115.31280000000002,123.89965915651673,130.62873134789285
8792,9925.0,101.20068382064724,119.61142127572934,132.64389049344965,111.88121,115.1924,124.7484242854632,132.47217690305033
8793,9925.5,101.28304993230583,120.23953786941412,134.06710187465836,111.85903,115.10019999999996,125.12442640177419,133.58848543480903
8794,9926.0,101.20068382064724,121.01651807226474,132.8837075093625,112.04334,115.17389999999996,126.45175811649331,133.18066376439535
8795,9926.5,101.20068382064724,120.54167073530698,129.61628992205368,109.997,115.25829999999998,126.74762512107974,130.97136777573849
8796,9927.0,101.24504129172408,119.84658768787119,128.5728551264183,108.89777,115.39430000000002,126.25230551126256,130.081767745491
8797,9927.5,101.33669455105344,119.31528813477593,127.66269084068244,107.54417,115.71589999999998,126.12107418127897,129.4130768040268
8798,9928.0,101.28225907052031,119.06262703043076,125.91615571223687,107.4573,116.02920000000005,126.17998385945583,128.2047438264429
8799,9928.5,101.25187643657908,119.0442176294386,124.69555581079956,105.97534,116.4138,126.59401833751353,127.46805044350953
8800,9929.0,101.21851635490744,119.63751847081024,124.14448139248694,106.69603,117.1439,127.71384958036748,127.43693283830035
8801,9929.5,101.29278547243572,120.53653947566835,124.87153057368211,106.47841,117.95359999999995,129.23603595987424,128.44318749356458
8802,9930.0,101.33553888386855,121.13789814669893,123.8094974573782,106.24082,118.31219999999996,130.39647556187705,128.04108103049384
8803,9930.5,101.29278547243572,121.70247115611454,121.36853490096789,105.9933,118.20200000000001,131.71437913206532,126.64187268337602
8804,9931.0,101.2862386902254,122.17999896278266,120.28992730228521,105.63692,117.89770000000006,132.40970527261672,126.04369040794617
8805,9931.5,101.24904512660869,122.069472527994,120.37012439144986,105.7408,117.61880000000002,132.26393901355056,126.04534409159693
8806,9932.0,101.33553888386855,121.89559680447543,120.28748556429184,105.64022,117.62960000000002,132.25140069165732,125.98412041040774
8807,9932.5,101.32999494680575,122.43068559293931,120.08941178741804,105.93995,117.59140000000004,132.80002615415376,125.99347908370022
8808,9933.0,101.29636340236264,123.68969895127104,120.94947881138737,105.42935,117.30799999999996,133.8703916419176,126.92328458115186
8809,9933.5,101.15072631652792,124.73735505512353,122.04830481319537,104.68594,117.03210000000001,134.32832333486044,127.86186894004399
8810,9934.0,101.34515477971306,124.81965758880764,123.21841661958683,105.16037,117.27510000000002,134.48489253027003,128.7705831272064
8811,9934.5,101.15265896356183,124.9045492871002,124.88557419335618,105.132126,117.94249999999998,134.50918969641788,130.01140220020073
8812,9935.0,101.17316738133692,125.27696999799817,127.24806455443604,104.94423,117.92369999999995,134.69322379824374,131.7649775644773
8813,9935.5,101.16498050451287,125.08331835236814,125.4586953997983,105.02757,117.49260000000002,134.6422724578841,130.43419623047035
8814,9936.0,101.17697842342952,124.27972126182334,122.54932623693287,105.048706,116.91149999999999,134.12000026630528,128.1430658870293
8815,9936.5,101.23940554746352,123.41344461086148,122.06596316100001,105.672874,116.45950000000003,132.9081192973373,127.4296542698007
8816,9937.0,101.19124482419662,122.55149852553755,121.17698302331992,105.70375,116.12649999999995,131.70951500396322,126.42048231304624
8817,9937.5,101.14590045460824,122.01235592367976,120.61706791593907,104.01511,115.87850000000002,131.08688414571154,125.81661832394101
8818,9938.0,101.14590045460824,121.449095341904,119.56597445460957,104.65309,115.77360000000002,130.55616966063576,124.88968158818619
8819,9938.5,101.14590045460824,121.29168819641292,118.2583123713359,104.481285,115.92750000000004,130.73411633255924,123.99662476882106
8820,9939.0,101.15789613282655,121.66916909970645,117.45447367217753,104.27306,115.77949999999998,131.4135274619536,123.59568695422583
8821,9939.5,101.18305649887282,122.4198148985315,118.337213028651,104.35753,115.11970000000001,132.05027723224376,124.39104071537335
8822,9940.0,101.20622133768758,122.89621718854288,120.25048624039728,104.828,114.67980000000001,132.17141103712785,125.81064963994326
8823,9940.5,101.23075089661003,123.240223997923,121.7631671059772,104.85359,114.80840000000005,132.3302101892209,126.96869199260982
8824,9941.0,101.37276390998996,124.02555564313613,123.15642325788703,104.45021,114.97439999999999,133.13529482265355,128.23495916589764
8825,9941.5,101.2815959374813,124.86538720339514,124.35202148290622,104.28752,114.80349999999996,134.06583737088016,129.3539601773325
8826,9942.0,101.23112412392574,124.6355750097958,123.54636094518816,104.26242,114.40739999999997,133.66668239526575,128.6366475701844
8827,9942.5,101.19311483563315,124.1429205713071,122.50026222241397,104.15421,114.47560000000003,133.04034761970496,127.69867183626667
8828,9943.0,101.27214917323626,124.16991677374867,121.35512887566068,104.27572,114.95980000000004,133.45434458978818,127.01031457173659
8829,9943.5,101.31792009965095,124.90949404635779,122.31742653224498,103.78961,115.47140000000003,134.72817726661674,128.0967074538536
8830,9944.0,101.41387006071135,125.74946464518423,124.92817355090848,103.59452,115.45829999999995,135.24095668410052,130.1566005200942
8831,9944.5,101.38385143699674,126.57868481737262,127.9001446638315,103.50429,115.28050000000003,135.28407870099593,132.3253088192778
8832,9945.0,101.34072821829288,127.06041386721918,128.02898243635366,103.890495,115.00389999999997,135.67234854488362,132.5263820553488
8833,9945.5,101.32932501538833,127.51934186671397,127.83272834819007,103.422745,115.05630000000002,136.46101562740404,132.60811957569612
8834,9946.0,101.27069501689677,128.35440514097746,127.87005404789568,103.77947,115.19349999999996,137.82069752220252,133.03514887593604
8835,9946.5,101.14492987154642,130.73994092702682,130.51247150853735,103.76708,114.79139999999997,139.94239886685398,135.56090032762313
8836,9947.0,101.22146501009321,134.4348179386867,136.05806724864237,104.00875,113.85690000000002,142.72277232792484,140.36180723797494
8837,9947.5,101.25518616763003,137.669746566456,140.4558373894949,103.594475,113.02750000000002,145.47432700461147,144.2996277418767
8838,9948.0,101.18786148438443,139.489346982475,140.61366241426018,102.87329,111.99589999999996,147.73421174397208,145.02441798843225
8839,9948.5,101.22693652626134,139.48092462522416,135.32999136058993,102.62944,110.35649999999997,148.88712297821075,141.42766882707446
8840,9949.0,101.1492033709867,138.30407600945102,131.00430339177313,104.015205,109.09559999999999,147.9430697441997,137.93912002868808
8841,9949.5,101.1679188216427,133.64922606720245,126.57782106393705,102.41017,108.51449999999996,142.78112714785306,133.20547435587733
8842,9950.0,101.37664815359884,121.45670501100184,117.77224088535374,104.84026,106.12400000000001,128.27644190736527,122.54469111534235
8843,9950.5,101.30908202533438,106.25473096949064,107.27067128312449,103.957436,101.47460000000002,110.16168364877113,109.47808386967475
8844,9951.0,101.24061918697973,95.59114471932882,99.56670285079473,105.19682,98.61169999999997,97.76233704572448,100.15137676413079
8845,9951.5,101.60450360154168,93.02461822716299,97.6869378216209,105.67328,97.57909999999997,94.8172379185146,97.88094688498384
8846,9952.0,101.58824940783052,98.78453717481239,102.32868388480337,105.54177,97.70459999999997,100.94488164171028,103.03335158428801
8847,9952.5,100.95804343205353,111.169098608843,112.34141818604667,103.750694,99.67890000000001,114.73691424547167,114.37789381100738
8848,9953.0,101.21762927869267,124.63070951819219,122.63371937872422,103.523026,102.72359999999996,130.34821214520989,126.4952341173307
8849,9953.5,100.98019038281657,132.81260452148044,127.02058505559518,103.29227,104.58070000000001,138.7915006711354,132.2383908716329
8850,9954.0,100.90525409516641,135.53236523213187,128.9823740536233,103.10108,105.41320000000005,142.24518811287862,134.68260814576902
8851,9954.5,100.9037794149086,135.41034543544495,129.27125607330467,103.04858,105.96269999999997,142.384611625738,134.95436107684253
8852,9955.0,100.92657233734347,134.61179243155277,128.5327072159235,103.38984,106.20009999999998,141.6031788025306,134.20229586281772
8853,9955.5,100.94487261747648,134.1883649482708,127.57162203471896,103.45248,106.25119999999995,141.27618488812152,133.40437819654503
8854,9956.0,101.01625438743493,133.97608528002178,127.14370111076641,103.710045,106.47660000000005,141.20487811597815,133.07920473837697
8855,9956.5,100.98493452190213,132.9255242312832,126.23813728992754,103.76279,106.95370000000001,140.26928242002154,132.16568498826544
8856,9957.0,100.98729415860444,131.31727520703834,125.17012704174188,103.7072,107.31250000000004,138.7400732752992,130.96600225941881
8857,9957.5,101.03882636554782,129.95578993911377,124.13355256828908,103.03488,107.41279999999996,137.40167302511804,129.82049431270255
8858,9958.0,101.01465150177076,129.4613137385658,123.73855068580099,103.06173,107.63850000000001,137.02172915222638,129.4264162798467
8859,9958.5,101.01465150177076,129.64041118525196,123.70293242389974,103.03826,108.17419999999998,137.39688181155287,129.52820153954187
8860,9959.0,101.01465150177076,130.12381370016251,123.80577542884117,102.90767,108.76820000000001,138.08583701477846,129.8220544001318
8861,9959.5,101.0102533172329,130.62745574123923,124.04149806979144,103.85124,109.23689999999998,138.79337613002676,130.2141765404114
8862,9960.0,101.02183987649975,130.59031884220482,123.7695985699768,103.8229,109.69090000000004,138.8531563091673,130.04909633876204
8863,9960.5,101.02183987649975,130.28206196312232,123.32197920820666,103.55657,110.09809999999996,138.5327996880161,129.65179858890278
8864,9961.0,101.0594272276781,129.89181352666333,122.78231499371417,103.106544,110.39290000000004,138.12268659288807,129.14983786426563
8865,9961.5,101.0594272276781,129.46578635299542,122.48788284992837,103.18461,110.35699999999997,137.62495421022993,128.793829097062
8866,9962.0,101.0594272276781,129.04063751612043,122.17075731567708,103.07587,110.20870000000001,137.05497935687654,128.39690549716812
8867,9962.5,101.10721567440753,128.66928850739362,122.07760355033565,102.95292,110.06009999999998,136.60815658177884,128.20270524768958
8868,9963.0,101.13408019542186,128.5218561603574,122.145347427607,102.61733,109.76270000000002,136.39443820444717,128.1801231309929
8869,9963.5,101.04407298664682,129.14644917068085,122.96871260424322,102.74934,109.82960000000003,137.21340132407707,129.02803214679312
8870,9964.0,101.01549846916606,131.0929984869095,124.4921250693628,103.574875,110.10709999999997,139.57702249101393,130.822160437585
8871,9964.5,100.96310499527212,134.3130345492749,126.94758720314695,103.47091,110.1059,143.20129243151356,133.6462857030905
8872,9965.0,100.90639775876522,137.5762776178647,129.32358371261395,103.63423,110.00420000000003,146.71522220072146,136.3806733489764
8873,9965.5,100.91724291678656,137.23197561408247,129.0918895848601,103.91296,109.9044,146.20740217066069,136.07205509503507
8874,9966.0,100.9533866332884,134.8334366847141,127.51125481478235,102.95361,109.79189999999998,143.53540913347095,134.15918169164812
8875,9966.5,100.99043940458954,132.6538437817107,126.23192254154219,103.2604,109.56670000000004,141.15705001009786,132.54305342565127
8876,9967.0,101.18440161324347,131.69708472707202,125.8624822909001,103.741005,109.22170000000004,139.92571889623795,131.9148798270005
8877,9967.5,101.24298255454502,131.46697898395078,125.7507397540269,104.20095,109.06469999999996,139.58025559605525,131.73555738759072
8878,9968.0,101.30272668714926,131.15721366024732,125.48054910045197,101.36622,109.45080000000002,139.45971324429115,131.5240427550139
8879,9968.5,101.28010869290287,130.33919343543954,125.08876061890513,102.181435,110.18279999999997,138.91772979693636,131.11192646160436
8880,9969.0,101.20584275609097,129.27729913464233,124.62837173578963,103.59492,110.16360000000003,137.69258914076624,130.41868183356783
8881,9969.5,101.1476844281858,129.48950887163477,125.13937330079517,103.17964,110.09939999999999,137.65444127244015,130.77621608376703
8882,9970.0,101.08248667559104,130.41455563575317,125.98397017939122,102.92253,110.01879999999996,138.45515689977634,131.61853418502776
8883,9970.5,100.99248719118278,131.5906282188069,126.55279383898359,103.38874,109.87449999999998,139.7190436651707,132.38604931151755
8884,9971.0,101.02252534242034,132.5274142336736,126.58099695566312,103.77577,109.9523,140.9738383973896,132.7685812442814
8885,9971.5,101.0496690009305,133.0472260568308,126.51459488805463,104.135155,110.21429999999997,141.8393518068332,132.97733770607374
8886,9972.0,101.22378611256926,133.36234041972958,127.06478986625504,104.44689,110.17090000000003,142.24597826726213,133.49967614729474
8887,9972.5,101.19391129551191,133.6227464494704,127.65392952589454,104.45328,110.07900000000004,142.4599571827277,133.98660230931316
8888,9973.0,101.19391129551191,133.59086482798114,127.85360660467165,104.34346,110.29059999999997,142.41063954994124,134.1299705510506
8889,9973.5,101.23633220370293,133.06747934560266,127.30427389585478,104.3832,110.6821,141.92852742396437,133.6118994117465
8890,9974.0,101.30272668714926,132.15900314227798,126.59875811062527,102.91917,111.04449999999997,140.9864673889927,132.8495610919198
8891,9974.5,101.322795563671,131.368583766007,126.18958814829523,102.221985,111.6718,140.26320938128956,132.37451982879503
8892,9975.0,101.27331245874015,131.5956771465217,127.22094730082239,104.0402,112.53529999999999,140.48636473731983,133.23262671118775
8893,9975.5,101.24298255454502,132.17030156988739,128.17081357994653,104.350494,113.1029,141.04217418343632,134.11171390813232
8894,9976.0,101.18440161324347,132.752577367562,128.67369899781426,102.4302,113.21300000000004,141.584245020504,134.6376955445731
8895,9976.5,101.06179052635395,132.71768699586684,129.15660340212614,103.4205,112.95600000000003,141.2905022212238,134.89165485936687
8896,9977.0,101.0387554229409,132.2330954488852,129.5119353246538,103.61083,112.36229999999999,140.3950950564825,134.86237537535433
8897,9977.5,101.0387554229409,131.8545128997161,129.0622997545058,103.910255,111.78960000000004,139.9143353179152,134.36792364662512
8898,9978.0,101.06098819350554,131.61413432415753,126.60943919056453,103.81605,111.52430000000004,140.31106709143182,132.67405739495254
8899,9978.5,101.02227391787449,131.43532846343308,124.84954437547634,104.0698,111.24880000000002,140.66335223888572,131.4654011995884
8900,9979.0,101.13587867011012,131.47839262613462,125.26809983423573,103.71948,110.76160000000003,140.6139857604729,131.73525196040424
8901,9979.5,101.14166260816418,131.63520785611445,125.37492419330755,103.807755,110.18249999999998,140.68556646938427,131.80551325962898
8902,9980.0,100.96023942590668,131.72183251429578,124.9465458414718,103.29704,109.69329999999995,140.71535603238715,131.470716753031
8903,9980.5,100.9512961571782,131.59079109647226,124.70567728288025,103.34763,109.37019999999998,140.40143399733847,131.18481424352098
8904,9981.0,100.98608522293345,130.94973536008158,123.70067815211145,103.490585,109.09850000000003,139.4965382134281,130.16646643042876
8905,9981.5,101.04407298664682,129.65616867246635,122.21344036890989,102.9205,108.63350000000001,137.69356518328826,128.53129613079844
8906,9982.0,101.08047268260674,128.45827706149277,119.21487183137981,102.53199,108.0404,136.1415154306236,125.78189992513076
8907,9982.5,101.11346426446808,127.91002999612468,114.70145644953509,100.01622,107.81109999999995,135.36269886900521,122.04220384885379
8908,9983.0,101.041290986576,126.43448835522426,112.11647326392898,100.43727,106.15289999999999,133.00635870208316,119.32788671598996
8909,9983.5,101.1264170524281,116.7279922189224,101.87365143977998,95.93581,103.09809999999996,120.92904663543231,108.16082249152011
8910,9984.0,99.69948240812651,99.96741999222667,87.16781045263161,80.74055,100.36059999999999,101.67122010397502,91.83731951344166
8911,9984.5,98.59217901971456,85.9933554493033,77.44448401659365,83.9481,97.0996,85.82852134012784,80.26142159762456
8912,9985.0,99.63927584816412,78.23253975517713,72.28617542840746,97.217125,93.40759999999997,76.616302034797,73.8403554287634
8913,9985.5,99.44314187569539,81.61775440356418,78.80804385300021,102.5193,90.77050000000003,79.46311382082523,79.41003254818233
8914,9986.0,99.74627778660457,93.88721164970706,89.65701225770978,101.446396,89.07470000000002,91.65511755762984,90.71140853182169
8915,9986.5,99.42199321003419,109.75744132078674,106.29505436611075,98.587204,89.38040000000002,108.6005883914787,107.73337857346921
8916,9987.0,99.1351742869951,121.6688032743637,116.73522733991314,97.55411,91.0628,121.96021894255938,119.24243037296405
8917,9987.5,99.21237679820176,128.15779815749238,121.64588122665215,95.61698,93.8739,130.15472313450329,125.29045959609621
8918,9988.0,99.67430858289424,129.27486731375367,122.4876524963829,98.177574,97.80370000000002,133.10462355333942,126.93631297253691
8919,9988.5,100.84146925816135,129.20307813289045,122.58483127243954,100.40622,100.55719999999995,134.22978230679735,127.45507473426255
8920,9989.0,100.90591694732564,128.74756267945344,122.21691750387357,102.061646,102.28480000000002,134.48118932885708,127.33661727371882
8921,9989.5,100.98641588806112,128.30767311800577,122.01410125038306,102.57426,103.72350000000004,134.53068629134515,127.26712820598507
8922,9990.0,101.00336186437612,127.73331393975116,121.64880721200996,102.705124,104.96169999999996,134.34723478251337,127.00605147908144
8923,9990.5,101.02105091475123,127.37059174042014,121.27534467566326,103.95219,105.79779999999997,134.26121200805323,126.747448712268
8924,9991.0,101.10212696575634,127.4006977537291,121.22290389061155,104.144135,106.37720000000004,134.5179292162909,126.80716385803319
8925,9991.5,101.10212696575634,127.59306008314385,121.20326659569152,103.06783,106.93100000000001,134.913658148782,126.92704594373286
8926,9992.0,101.0896728235322,128.18096083260275,121.50251894004174,102.678566,107.16079999999997,135.58500301839592,127.34699550094331
8927,9992.5,101.03882636554782,129.2469634272613,122.35027080658516,103.16116,106.85080000000004,136.62991898477313,128.25148254133563
8928,9993.0,101.01465150177076,129.92168265835804,122.96982823155068,102.85952,106.52979999999998,137.28538984700745,128.87691119862333
8929,9993.5,101.01465150177076,129.51267327718116,122.73410804385334,102.97721,106.6977,136.92590013892834,128.61196563206144
8930,9994.0,101.01465150177076,128.86934176315532,122.21167196572462,103.060234,107.09920000000004,136.42624100320864,128.10140713546537
8931,9994.5,101.00286111902683,129.07832333157515,122.32239572807508,103.12521,107.2935,136.77288394623494,128.28374289872758
8932,9995.0,101.00286111902683,129.7336738148389,122.7691466661751,102.97701,107.21680000000002,137.43632229916702,128.79531547580936
8933,9995.5,100.98063698801951,130.30666136285933,123.31334441345939,104.22549,107.16719999999997,138.06358348216384,129.37324939092392
8934,9996.0,100.9451022146828,131.050434909425,124.0318032125859,103.64032,107.21819999999998,138.96344924122567,130.16059440777985
8935,9996.5,100.93815307348366,132.08818231641902,125.0804095895145,103.60839,107.17100000000005,140.08015384522332,131.2450470601888
8936,9997.0,100.9288870304543,132.9222230349331,125.9446884836757,103.76683,107.71179999999998,141.09772874945682,132.1926509369249
8937,9997.5,100.92988987811091,133.14120949121707,125.93118254831656,103.51057,108.98240000000004,141.80324238034873,132.44282983106606
8938,9998.0,100.92988987811091,133.09754682962506,125.78666482386733,103.6227,110.00510000000003,142.12943922121696,132.47719483364807
8939,9998.5,100.92988987811091,133.35076363592972,125.9410906915677,103.581505,110.75950000000003,142.70996542753457,132.79008315286407
8940,9999.0,100.95499829551812,133.86842396233564,126.32506384951327,104.182144,111.14090000000004,143.45495196298478,133.29944130269632
8941,9999.5,100.92616361711988,134.19893482293605,126.63839231874341,103.78312,111.02349999999998,143.79658024040168,133.6230698784676
